yearFortune,horoscopeDescription,overallFortune,loveFortune,workFortune,financialFortune,healthFortune,summary,year
Aries,"In 2025, Aries will experience substantial growth in self-awareness, career advancement, and social connections. You will gain clarity on your aspirations and exhibit the courage to act upon them. Mid-year might present critical choices, but staying true to your core values will guide you to the right decisions.","The overall fortune for Aries is promising, with a mix of opportunities and challenges. You'll find resilience under pressure, enhancing your bravery. Establishing long-term goals is advisable, progressing methodically and steadily.","Expect emotional fluctuations. Single Aries may find love, especially during spring and autumn, with higher chances at social gatherings. Couples should focus on communication to prevent misunderstandings. A compromise can lead to deeper trust and stability.",Career growth is significant this year. Aries are likely to receive promotions or take on pivotal responsibilities. The first half of the year is ideal for initiating new ventures or business startups; the latter half should emphasize teamwork and efficiency. Staying proactive will lead to major accomplishments.,"Financial prospects are stable with a positive trend. Regular income remains consistent, but be cautious with additional earnings and avoid high-risk investments. An unexpected expenditure may occur mid-year, hence planning savings ahead is advisable. Improving financial management skills will be crucial.","Health remains generally good, but balancing work with relaxation is vital. Watch for mental stress during peak periods; regular schedules, moderate exercise, and avoiding overwork are recommended. Aries may face allergies in spring and should be cautious of respiratory issues in autumn and winter.","This year marks a pivotal phase for Aries to strive diligently. With sustained enthusiasm and focus, combined with hard work, you'll achieve outcomes beyond expectations. Remember that genuine growth often occurs amidst anxiety and challenges. Embrace courage, and you will be your own hero.",2025
Taurus,"In 2025, Taurus will experience a year of stability and gradual growth. It is a time to solidify your foundations and focus on building your future. You'll find yourself more determined and capable of handling challenges with patience and resilience.",The overall fortune for Taurus is promising with opportunities for personal and professional growth. Your pragmatic approach will help you navigate through any obstacles. Keep a steady pace and you'll see progress in various aspects of your life.,"Love is in the air for Taurus this year. Singles may find themselves attracted to someone who shares similar values, particularly during the summer. For those in relationships, it's a good time to strengthen bonds and share more meaningful experiences with your partner.","Work prospects are favorable for Taurus. Your dedication and strong work ethic will not go unnoticed, potentially leading to advancements or new opportunities. It's a good time to pursue further skills development or take on new responsibilities that align with your career goals.","Financially, Taurus can expect a stable year with opportunities for growth. While your income remains steady, there may be opportunities for investments or side projects that can enhance your wealth. However, be cautious with spending and avoid impulsive financial decisions.","Health-wise, Taurus should focus on maintaining a balanced lifestyle. Regular exercise and a nutritious diet will support your overall well-being. Watch out for stress-related issues and ensure you have enough rest to keep your energy levels up throughout the year.","This year is about steady progress and laying the groundwork for future successes for Taurus. By maintaining focus and determination, you'll be able to turn challenges into opportunities. Remember to nurture both personal and professional relationships, as they will play a significant role in your journey.",2025
Gemini,"In 2025, Gemini will experience a year of exploration and learning. You will find yourself drawn to new experiences and knowledge, seeking to expand your horizons. The year may bring unexpected opportunities that challenge your adaptability and versatility, but with your natural curiosity, you will thrive in these situations.",The overall fortune is dynamic and filled with possibilities. You'll have the chance to redefine your path and pursue new interests. It's important to stay flexible and open-minded as changes unfold throughout the year. Trust your instincts and embrace innovation.,"Romantic prospects are varied this year. Single Geminis might find themselves attracted to different types of people, leading to interesting encounters. For those in relationships, communication is key to maintaining harmony. Be honest about your feelings and listen to your partner's needs to strengthen your bond.",Work life will be stimulating and may require you to take on diverse roles. You'll have opportunities to showcase your skills in communication and problem-solving. Collaboration with colleagues can lead to successful outcomes. It's a good year to consider further education or training to enhance your career prospects.,"Your financial situation will be relatively stable, but it's important to manage expenses carefully. Avoid impulsive purchases and focus on long-term financial planning. There may be opportunities for additional income, especially through side projects or freelance work.","Health-wise, maintaining a balanced lifestyle is crucial. Regular exercise and a healthy diet will support your physical well-being. Pay attention to mental health by taking breaks and engaging in relaxing activities. Stress management techniques such as meditation or yoga can be beneficial.","2025 is a year of growth and discovery for Gemini. By staying open to new experiences and maintaining a positive attitude, you will navigate the challenges and opportunities that arise. Your adaptability and willingness to learn will be your greatest assets. Embrace change, and you'll find yourself thriving in unexpected ways.",2025
Cancer,"In 2025, Cancer will experience growth in emotional intelligence, career advancement, and personal relationships. You will gain clarity about your aspirations and find new ways to express your creativity. Mid-year might present some tough choices, but with intuition and patience, you will make the right decisions.","The overall fortune for Cancer is promising, with opportunities to shine and learn. You will uncover hidden strengths during challenging times and find new paths to success. It's a good year to set clear goals and methodically work towards them.",Love life is full of warmth and affection. Single Cancers may meet someone special during social events in summer or winter. Those in relationships should focus on nurturing bonds and communicating openly to avoid misunderstandings. The year is favorable for deepening commitments.,"Your career sees positive developments, with potential for promotions and impactful projects. The first half of the year is ideal for initiating new ventures or collaborations. The latter half focuses on strategic planning and teamwork. Keep your creativity flowing and maintain a proactive approach.","Financial prospects are steady with growth potential. Regular income remains stable, while investments could yield favorable returns. Caution is advised in speculative ventures. Unexpected expenses might arise, so a prudent savings plan is beneficial. Enhance your financial management skills.","Your health looks stable, though stress management is crucial. Maintain a balanced routine with regular exercise and adequate rest. Watch for signs of fatigue and make time for relaxation. Seasonal allergies might occur in spring, and respiratory care is essential in colder months.","2025 is a transformative year for Cancer, with meaningful progress in various aspects of life. By maintaining focus and embracing new challenges, you will achieve personal growth beyond expectations. Remember, true fulfillment comes from navigating through uncertainty with courage and grace.",2025
Leo,"In 2025, Leo will experience a year filled with both challenges and triumphs. You will find yourself stepping into leadership roles and asserting your authority. This year, you'll face pivotal decisions that could alter your career path or personal life significantly. Maintain your confidence, as it will be key to overcoming obstacles.","The overall fortune for Leo is vibrant and promising. You will have the chance to showcase your talents and gain recognition. While the path may not be smooth, your determination and charisma will lead you to success. Focus on building strong relationships, as they will be beneficial.","The love fortune for Leo is passionate yet unpredictable. Singles might encounter potential partners through social events or mutual connections, especially during the summer months. For those in relationships, maintaining open communication is crucial to avoid conflicts. Embrace vulnerability to deepen emotional connections.","Your work fortune indicates a dynamic year ahead. Opportunities for advancement or new responsibilities will arise, particularly in the first half of the year. Leverage your creativity and leadership skills to innovate and drive projects forward. Collaboration with colleagues will enhance outcomes.","Financial stability is within reach this year, but caution is advised. Regular income should remain steady; however, be wary of speculative investments. The latter half of the year may bring unexpected expenses, so it's wise to bolster savings early on. Financial discipline will serve you well.","Health prospects are generally favorable for Leo, but stress management is essential. Balance intense work periods with adequate relaxation and leisure activities. Pay attention to cardiovascular health and engage in regular physical exercise. Mindfulness practices could prove beneficial for mental well-being.","2025 is a transformative year for Leo, marked by personal growth and career achievements. By embracing your natural leadership qualities and maintaining a positive outlook, you will overcome challenges and seize opportunities. Nurturing relationships and staying financially prudent will ensure a balanced and successful year.",2025
Virgo,"In 2025, Virgo will experience a year of refinement and self-discovery. Your attention to detail and analytical skills will help you navigate through various aspects of life. This year encourages you to embrace change and find balance in routine and spontaneity.","Virgos will find this year to be transformative with plenty of learning opportunities. While some challenges may arise, your perseverance and careful planning will lead to rewarding outcomes. Embrace flexibility and be open to new experiences.","For single Virgos, 2025 offers a chance to meet someone special, particularly in the summer months. Those in relationships may need to work on communication to avoid misunderstandings. Prioritizing empathy and patience will strengthen bonds.","Your career prospects are promising, especially if you focus on skill enhancement and networking. The middle of the year may bring unexpected opportunities for advancement. Stay organized and don't shy away from leadership roles.","Financially, this is a stable year for Virgo. While your regular income remains steady, consider diversifying your investment portfolio for potential growth. Avoid impulsive purchases and focus on long-term savings plans.","Pay attention to your mental and physical health this year. Incorporate regular exercise and mindfulness practices into your routine to alleviate stress. Be mindful of dietary choices, especially in the latter half of the year.","2025 is a year of growth and balance for Virgo. By embracing change and maintaining focus, you'll navigate challenges with grace and emerge stronger. Stay open to new possibilities, and remember that patience and resilience will lead you to success.",2025
Libra,"In 2025, Libra will find balance and harmony in various aspects of life. You will experience growth in personal development, relationships, and career. This year encourages you to embrace change and adapt to new circumstances, enhancing your decision-making skills.",The overall fortune for Libra is promising. You will encounter both opportunities and challenges that will help you grow stronger and more resilient. Embrace change and stay open-minded to make the most of the year ahead.,Love is in the air for Libra. Single Libras may meet potential partners through social events or online platforms. Those in relationships should focus on clear communication to avoid misunderstandings and build a deeper connection. Emotional understanding will be key to maintaining harmony.,"Work life looks bright for Libra this year. You may receive recognition for your efforts and have the chance to take on more responsibilities. The first half of the year is ideal for starting new projects, while the second half focuses on teamwork and collaboration. Keep pushing forward to achieve your goals.","Financial stability is within reach for Libra. While your regular income remains steady, be cautious with investments and avoid high-risk ventures. Unexpected expenses may arise, so it's wise to have a budget plan in place. Focus on building your savings for long-term security.","Health will generally be stable for Libra. However, it's important to maintain a balanced lifestyle, ensuring adequate rest and exercise. Be mindful of stress levels and practice relaxation techniques when needed. Seasonal changes may affect your health, so stay proactive in maintaining wellness.","2025 is a year of growth and transformation for Libra. By embracing change and seeking balance, you will navigate challenges with grace and emerge stronger than ever. Keep an open heart and mind, and you will find harmony in both personal and professional spheres.",2025
Scorpio,"In 2025, Scorpio is poised for transformation and rejuvenation. You will face opportunities to redefine your identity and strengthen your personal power. This year encourages you to let go of old habits and embrace new perspectives. Trust your intuition as you navigate through changes.","Your overall fortune is promising, with moments of intense growth and self-discovery. Embrace the challenges that come your way as they will lead to personal empowerment and resilience. Stay focused on what truly matters to you.","Your love life is highlighted with potential for deep connections and emotional healing. Single Scorpios may find themselves drawn to intense and transformative relationships. For those already in partnerships, open communication will be key to resolving conflicts and strengthening bonds.",Your professional life will see significant shifts. You might feel compelled to change your career path or take on new responsibilities. This is a favorable time for Scorpios in leadership roles or looking to start their own ventures. Maintain strategic planning and perseverance to achieve success.,"Financial stability is attainable, but caution is advised. Avoid impulsive investments and prioritize savings. There may be unexpected financial gains through inheritances or returns from past investments. It’s crucial to remain disciplined and avoid unnecessary risks.","Your health requires attention, particularly in managing stress levels. Ensure a balanced lifestyle with regular exercise and adequate rest. Scorpios should be mindful of emotional health; meditation and relaxation techniques can greatly benefit your overall wellbeing.","2025 is a transformative year for Scorpio, offering opportunities for profound personal growth. Embrace change with confidence and trust your instincts to guide you through challenging times. Balance is key in maintaining harmony in all aspects of your life.",2025
Sagittarius,"In 2025, Sagittarius will experience a year full of exploration and adventure. This is a time for broadening horizons, both physically and mentally. You may feel an irresistible urge to travel, learn new skills, or dive into unfamiliar territories.","The overall fortune indicates a year of growth and transformation. While challenges will arise, they will serve as stepping stones to greater achievements. It's a year to embrace change and be open to new opportunities that align with your long-term vision.","For single Sagittarius, love may blossom unexpectedly, particularly during travels or educational pursuits. Those in relationships should focus on maintaining open communication and mutual support. It's a year to strengthen bonds and understand each other's aspirations.","Career prospects are promising, with potential for new roles or projects that align with your ambitions. The first half of the year is ideal for setting goals and initiating ventures, while the latter half emphasizes teamwork and collaboration. Stay adaptable and innovative.","Financially, 2025 encourages prudent planning and cautious investments. While regular income remains stable, be wary of unnecessary expenditures. Consider diversifying your portfolio and seeking advice from financial experts to maximize your returns.","Health-wise, maintaining a balanced lifestyle is crucial. Regular exercise, a nutritious diet, and mental relaxation will help prevent burnout. Pay attention to signs of stress and ensure adequate rest. Be mindful of seasonal allergies and respiratory health.","Sagittarius, 2025 is a year of discovery and growth. Embrace the changes that come your way and use them as opportunities to expand your horizons. With passion and perseverance, you'll find success in personal and professional arenas. Keep your spirits high and trust your journey.",2025
Capricorn,"In 2025, Capricorn will experience a year of transformation and self-discovery. With a focus on personal values and ambitions, you will find new paths opening. The influence of Saturn brings maturity and patience, guiding you through significant changes.","Your overall fortune is promising, with numerous opportunities for growth and development. Embrace changes with an open mind and stay committed to your goals. This year is ideal for building strong foundations for future success.","In love, Capricorns will see stability and depth in relationships. Single Capricorns may find someone special during social events, while those in relationships will deepen their bonds through mutual understanding and support. Communication is key to resolving any misunderstandings.","Career prospects are bright as you are likely to be entrusted with more responsibilities or receive a promotion. Your dedication and hard work will pay off, particularly in collaborative projects. The latter half of the year is perfect for planning and executing long-term career goals.","Financially, you can expect steady growth with potential for increased income. It's a good time to invest in your skills or education, but avoid impulsive spending. Planning and budgeting will help you manage unexpected expenses that may arise.","Your health is generally stable, but stress management should be a priority. Regular exercise and a balanced diet will help maintain your physical well-being. Be cautious of minor ailments during the change of seasons, particularly related to bones and joints.","2025 is a year of transformation for Capricorn, filled with opportunities for personal and professional growth. By staying grounded and focused, you can achieve significant milestones. Embrace the changes with confidence, knowing that they are leading you towards a more fulfilling future.",2025
Aquarius,"In 2025, Aquarius natives will experience a transformative year. You will find yourself more in tune with your inner desires and more capable of expressing your individuality. This year encourages you to embrace change and seek new experiences that align with your vision.","Overall, the fortune is progressive and filled with opportunities for personal growth. While challenges may arise, they will serve as catalysts for your development. Keeping an open mind and being adaptable will help you navigate through the year successfully.","Romance is on a positive trajectory. Single Aquarians may find themselves attracted to unconventional partners, and meaningful connections are likely in unexpected places. For those in relationships, maintaining open communication is key to deepening your bond and resolving any issues harmoniously.","Your professional life is poised for innovation and advancement. The start of the year is ideal for initiating projects or pursuing career changes. Collaboration will be beneficial, especially during the latter half of the year. Embrace technology and new methodologies to enhance your productivity.","Finances are stable but require strategic planning. While your income remains consistent, be mindful of impulsive spending. Investing in learning and development can yield long-term benefits. It's advisable to build a financial cushion for unexpected expenses.","Health is generally stable, but you should focus on mental well-being. Engaging in activities that promote relaxation and mindfulness will be beneficial. Regular exercise and a balanced diet are important to maintain vitality. Be cautious of stress-related ailments.","This year presents Aquarius with a unique opportunity for self-discovery and personal evolution. By embracing change and nurturing your individuality, you will pave the way for a fulfilling and successful journey. Stay open to new experiences and trust your intuition to guide you towards happiness and achievement.",2025
Pisces,"In 2025, Pisces will experience a period of introspection and emotional growth. You may find yourself more in tune with your inner feelings, which will guide you towards making meaningful changes in various aspects of your life. This year is ideal for creative pursuits and spiritual exploration.","The overall fortune is a mix of reflection and inspiration. You are encouraged to trust your intuition and follow your heart. New opportunities will arise, especially in the realm of personal development, but you'll need to remain grounded to make the most of them.","Love life promises depth and intensity. Single Pisces may meet a significant other through shared interests or artistic endeavors. For those in relationships, it's a time for deepening bonds and rediscovering romance. Open communication and empathy are key to navigating emotional waters.",Professional life may require you to adapt and embrace change. It’s a good year for pursuing passion projects or considering a career shift that aligns more closely with your values. Stay open to collaboration and be willing to learn from others to enhance your skills.,"Financially, it's a year of cautious optimism. Regular income remains stable, but watch for impulsive spending driven by emotional impulses. Consider investing in long-term security and avoid speculative ventures. Budgeting and financial planning are advised to maintain stability.","Health-wise, prioritize mental well-being alongside physical health. Engage in activities that promote relaxation and stress relief, such as meditation or yoga. Be mindful of your diet and ensure you get ample rest. Regular check-ups are recommended to prevent minor issues from escalating.","2025 is a transformative year for Pisces, marked by personal growth and emotional clarity. Embrace the changes with an open heart and trust in your instincts to guide you. By nurturing your creativity and spirituality, you’ll uncover new paths that lead to fulfillment and joy.",2025
